{"ACC": [69.15584415584416, 66.85064935064935, 69.41558441558442, 68.63636363636364, 66.98051948051949], "NMI": [82.93095694701536, 82.90199154869275, 83.37827701126255, 83.37742311327716, 82.88264703369713], "ARI": [58.83391247439418, 58.13141341383682, 59.526713120210204, 59.107805268576875, 57.55038563485291], "ACC_mean": 68.20779220779221, "ACC_std": 1.0852901054186157, "NMI_mean": 83.09425913078898, "NMI_std": 0.2320612433790893, "ARI_mean": 58.6300459823742, "ARI_std": 0.7054258774119954}