{"ACC": [31.32752705199261, 31.48588017946688, 31.74980205859066, 31.353919239904986, 30.61493797835841], "NMI": [47.11611057237132, 47.28476151081535, 47.484563616853706, 47.16508819379289, 47.90229389267543], "ARI": [7.143613040430958, 7.296395437890178, 7.569770564519543, 7.471192160291832, 7.238397449928084], "ACC_mean": 31.306413301662708, "ACC_std": 0.3767340381114904, "NMI_mean": 47.39056355730174, "NMI_std": 0.28567870094384595, "ARI_mean": 7.34387373061212, "ARI_std": 0.15538541772255773}