{"ACC": [91.90606475148199, 92.95166438668491, 92.08846329229367, 92.02006383948928, 92.08846329229367], "NMI": [86.22981324450309, 86.29797029281536, 86.39957747674771, 86.29592121363638, 86.39957747674772], "ARI": [83.56522962099145, 83.64590192365003, 83.81802061102348, 83.77216489951815, 83.81802061102348], "ACC_mean": 92.08094391244871, "ACC_std": 0.07295941632467003, "NMI_mean": 86.32457194089004, "NMI_std": 0.065968755046614, "ARI_mean": 83.72386753324132, "ARI_std": 0.1012984335347068}