{"ACC": [41.987487969201155, 41.31376323387873, 42.46871992300289, 41.50625601539942, 41.554379210779594], "NMI": [63.256595982472554, 63.13036048236596, 63.37360674513442, 63.13287323211508, 63.27010248312537], "ARI": [28.152273952332013, 27.51304126754374, 29.58683513082584, 27.928624144619878, 27.970597583380624], "ACC_mean": 41.76612127045236, "ACC_std": 0.4146421410690663, "NMI_mean": 63.23270778504268, "NMI_std": 0.09193849541898229, "ARI_mean": 28.230274415740418, "ARI_std": 0.7098153813786546}