{"ACC": [64.12337662337663, 63.37662337662338, 68.31168831168831, 66.55844155844156, 65.25974025974025], "NMI": [81.6774985045326, 81.65427505806629, 83.14750982695135, 81.81481284908524, 81.7337803031703], "ARI": [54.719697781963376, 54.113297572608396, 57.6634330014245, 55.537416932492704, 54.36767845948114], "ACC_mean": 65.52597402597402, "ACC_std": 1.7597762012910787, "NMI_mean": 82.00557530836116, "NMI_std": 0.573641619921551, "ARI_mean": 55.28030474959403, "ARI_std": 1.2848719475468915}