{"ACC": [31.301134864080232, 31.538664555291636, 30.826075481657426, 31.274742676167854, 30.456584850884138], "NMI": [46.51561401188253, 46.81088173717006, 46.6141975268989, 46.248556373836394, 46.33622703118498], "ARI": [7.269978544629857, 7.36042487642439, 7.219224702312875, 6.863220138074178, 7.185411740096129], "ACC_mean": 31.079440485616253, "ACC_std": 0.3873812221041715, "NMI_mean": 46.50509533619457, "NMI_std": 0.19992398416441898, "ARI_mean": 7.179652000307486, "ARI_std": 0.1688585290304746}