{"ACC": [92.24806201550388, 92.2936616507068, 92.24806201550388, 91.0656634746922, 91.6780665754674], "NMI": [86.522699208475, 86.5872891018742, 86.50864853763797, 86.34730113892188, 85.83584448763479], "ARI": [84.10805050140793, 84.14165419066083, 84.05520373138292, 83.58496256059941, 83.14039744496341], "ACC_mean": 91.68670314637483, "ACC_std": 0.2281805016542963, "NMI_mean": 86.36035649490876, "NMI_std": 0.27390778841920566, "ARI_mean": 83.8060536858029, "ARI_std": 0.38932891937828257}