{"ACC": [40.78440808469682, 39.82194417709336, 40.1106833493744, 40.92877767083735, 41.38594802694899], "NMI": [62.65275592781219, 62.019977925953185, 62.25180384599673, 62.64841980733119, 62.5154132320056], "ARI": [28.15006047619186, 27.77623288265242, 26.967698744420538, 28.160199861818686, 28.172824090207367], "ACC_mean": 40.606352261790185, "ACC_std": 0.5664654078753485, "NMI_mean": 62.417674147819774, "NMI_std": 0.24646913525188832, "ARI_mean": 27.845403211058176, "ARI_std": 0.4635228317394993}